{
  "timestamp": "2026-02-05T23:03:43.346402",
  "version": "2.1",
  "results": [
    {
      "scenario": "시나리오 1: 수수료 질문",
      "match_rate": 75.0,
      "primary_count": 10,
      "propagated_count": 0,
      "time_ms": 2.4421215057373047
    },
    {
      "scenario": "시나리오 2: 상품 비교",
      "match_rate": 0.0,
      "primary_count": 10,
      "propagated_count": 0,
      "time_ms": 1.7139911651611328
    },
    {
      "scenario": "시나리오 3: 심사 문의",
      "match_rate": 33.33333333333333,
      "primary_count": 10,
      "propagated_count": 0,
      "time_ms": 1.7430782318115234
    },
    {
      "scenario": "시나리오 4: 규제 문의",
      "match_rate": 0.0,
      "primary_count": 10,
      "propagated_count": 0,
      "time_ms": 1.7061233520507812
    }
  ],
  "summary": {
    "total_scenarios": 4,
    "avg_match_rate": 27.083333333333332,
    "avg_time_ms": 1.9013285636901855
  }
}